{
    "Info": {
        "title": "AIRR Data Commons API",
        "description": "API response for repertoire query",
        "version": 1.3,
        "contact": {
            "name": "AIRR Community",
            "url": "https:\/\/github.com\/airr-community"
        }
    },
    "Repertoire": [
        {
            "repertoire_id": "609e9b5a8a4ef25782e2102f",
            "repertoire_name": null,
            "repertoire_description": null,
            "study": {
                "study_id": "PRJNA715378",
                "study_title": "Goel et al., Distinct antibody and memory B cell responses in SARS-CoV-2 na\u00efve and recovered individuals following mRNA vaccination",
                "study_type": {
                    "label": "Study",
                    "id": "NCIT:C63536"
                },
                "study_description": "Here, we interrogated antibody and antigen-specific memory B cells over time in 33 SARS-CoV-2 na\u00efve and 11 SARS-CoV-2 recovered subjects.",
                "inclusion_exclusion_criteria": "Include: COVID",
                "grants": "This work was supported by grants from the NIH AI105343, AI082630, AI108545, AI155577, AI149680 (to EJW), AI152236 (to PB), HL143613 (to JRG), P30-AI0450080 (to ELP), T32 AR076951-01 (to SAA), T32 CA009140 (to DM and JRG), T32 AI055400 (to PH), U19AI082630 (to SEH and EJW), funding from the Allen Institute for Immunology (to SAA, EJW), Cancer Research Institute-Mark Foundation Fellowship (to JRG), Chen Family Research Fund (to SAA), the Parker Institute for Cancer Immunotherapy (to JRG, EJW), the Penn Center for Research on Coronavirus and Other Emerging Pathogens (to PB), the University of Pennsylvania Perelman School of Medicine COVID Fund (to RRG, EJW), the University of Pennsylvania Perelman School of Medicine 21st Century Scholar Fund (to RRG), and a philanthropic gift from Jeffrey Lurie, Joel Embiid, Josh Harris, and David Blitzer (to SEH). DAO was supported by T32 CA009140. Work in the Wherry lab is supported by the Parker Institute for Cancer Immunotherapy.",
                "collected_by": "E. John Wherry, wherry@pennmedicine.upenn.edu",
                "lab_name": "Wherry Lab, Perelman School of Medicine, University of Pennsylvania",
                "lab_address": "University of Pennsylvania, Philadelphia, PA, USA",
                "submitted_by": "Aaron Rosenfeld, Aaron.Rosenfeld@pennmedicine.upenn.edu",
                "pub_ids": "DOI: 10.1126\/sciimmunol.abi6950",
                "keywords_study": [
                    "contains_ig"
                ]
            },
            "subject": {
                "subject_id": "IHCV2020-019",
                "synthetic": false,
                "species": {
                    "label": "Homo sapiens",
                    "id": "NCBITAXON:9606"
                },
                "sex": "male",
                "age": null,
                "age_min": 23,
                "age_max": 23,
                "age_unit": {
                    "label": "year",
                    "id": "UO:0000036"
                },
                "age_event": "Sample Collection",
                "ancestry_population": null,
                "ethnicity": null,
                "race": "Asian",
                "strain_name": null,
                "linked_subjects": null,
                "link_type": null,
                "diagnosis": [
                    {
                        "study_group_description": "Case",
                        "disease_diagnosis": {
                            "label": "COVID-19",
                            "id": "DOID:0080600"
                        },
                        "disease_length": null,
                        "disease_stage": "COVID-19_Convalescent",
                        "prior_therapies": null,
                        "immunogen": "SARS-CoV-2 mRNA vaccination; Pfizer (BNT162b2) or Moderna (mRNA-1273)",
                        "intervention": null,
                        "medical_history": null
                    }
                ]
            },
            "sample": [
                {
                    "sample_processing_id": "609e9b5a8a4ef25782e2102f",
                    "sample_id": "IHCV2020-019-Non-Spike-B-4TP-rep2",
                    "sample_type": "peripheral venous puncture",
                    "tissue": {
                        "label": "peripheral blood",
                        "id": "UBERON:0013756"
                    },
                    "anatomic_site": null,
                    "disease_state_sample": null,
                    "collection_time_point_relative": "1 week",
                    "collection_time_point_reference": "post-booster immunization",
                    "biomaterial_provider": null,
                    "tissue_processing": null,
                    "cell_subset": {
                        "label": "memory B cell",
                        "id": "CL:0000787"
                    },
                    "cell_phenotype": "CD14- CD19+ CD27+ CD38lo\/int HA+\/- Spike-",
                    "cell_species": {
                        "label": "Homo sapiens",
                        "id": "NCBITAXON:9606"
                    },
                    "single_cell": false,
                    "cell_number": null,
                    "cells_per_reaction": 132678,
                    "cell_storage": true,
                    "cell_quality": "Viable cells were identified using Ghost 510 Viability Dye (Tonbo Biosciences)",
                    "cell_isolation": null,
                    "cell_processing_protocol": null,
                    "template_class": "DNA",
                    "template_quality": null,
                    "template_amount": null,
                    "library_generation_method": "PCR",
                    "library_generation_protocol": "IGH family-specific PCRs were performed on genomic DNA samples using primers in FR1 and JH regions. Two biological replicates were run on all samples.",
                    "library_generation_kit_version": null,
                    "pcr_target": [
                        {
                            "pcr_target_locus": "IGH",
                            "forward_pcr_primer_target_location": "FR1",
                            "reverse_pcr_primer_target_location": "IGHJ"
                        }
                    ],
                    "complete_sequences": "partial",
                    "physical_linkage": "none",
                    "sequencing_run_id": null,
                    "total_reads_passing_qc_filter": null,
                    "sequencing_platform": "Illumina MiSeq",
                    "sequencing_facility": "Human Immunology Core Facility at the University of Pennsylvania",
                    "sequencing_run_date": null,
                    "sequencing_kit": "Illumina MiSeq Reagent Kit v3, 600-cycle, Illumina MS-102-3003",
                    "sequencing_files": {
                        "file_type": "fastq",
                        "filename": null,
                        "read_direction": null,
                        "read_length": 300,
                        "paired_filename": null,
                        "paired_read_direction": null,
                        "paired_read_length": 300
                    }
                }
            ],
            "data_processing": [
                {
                    "data_processing_id": "609e9b5a8a4ef25782e2102f",
                    "primary_annotation": true,
                    "software_versions": "pRESTO v0.6.0, IgBLAST v1.17.0",
                    "paired_reads_assembly": "Paired reads were assembled with pRESTO using default parameters.",
                    "quality_thresholds": "Sequences that had an average quality score less than 30 were excluded, ends of each read which had an average quality score less than 30 within a window of 20 bases were trimmed, sequences shorter than 100 nucleotides were excluded, and bases with a quality score less than 30 were masked with an N. Sequences with ten or more Ns were then discarded.",
                    "primer_match_cutoffs": null,
                    "collapsing_method": null,
                    "data_processing_protocols": "Processing by Authors: Raw reads from the Illumina MiSeq were quality controlled with pRESTO v0.6.0. Sequences passing the quality control procedure were imported into IgBLAST v1.17.0 for gene identification and alignment. The primer binding region (IMGT nucleotide positions 1-80) was replaced with Ns and sequences beginning after IMGT position 90 were removed to avoid incorrect V-gene calls and skewed SHM analysis.\n\nProcessing by iReceptor: With the author's approval, iReceptor used the the annotated consensus sequence duplicate count (N) to unroll the data so that each consensus sequence count is represented N times in the repository. Locus was set to IGH. Metadata columns were removed.",
                    "data_processing_files": [
                        "IgH_IHCV2020-019-Non-Spike-B-4TP_rep2_35p75ng.airr.tsv"
                    ],
                    "germline_database": "IMGT",
                    "analysis_provenance_id": null
                }
            ],
            "_id": {
                "$oid": "609e9b5a8a4ef25782e2102f"
            },
            "ir_record_number": null,
            "study_contact": "E. John Wherry, wherry@pennmedicine.upenn.edu, http:\/\/orcid.org\/0000-0003-0477-1956",
            "ir_cell_storage": null,
            "ir_curator_count": 94314,
            "ir_sra_run_id": null,
            "ir_library_source": null,
            "ir_rearrangement_tool": null,
            "ir_rearrangement_file_name": null,
            "ir_ancillary_rearrangement_file_name": null,
            "ir_rearrangement_number": null,
            "ir_updated_at": "Fri May 14 2021 15:46:34 UTC",
            "ir_created_at": "Fri May 14 2021 15:46:34 UTC",
            "ir_sequence_count": 94314,
            "ir_annotation_set_metadata_id": "609e9b5a8a4ef25782e2102f"
        }
    ]
}